Tag,Date
Life,July 1
News,June 30
Opinion,June 23
News,June 22
Life,June 20
Sports,June 14
Sports,June 13
Business,June 13
News,June 10
Business,June 5
Business,June 3
News,June 3
News,May 24
News,May 23
News,May 22
News,May 20
Business,May 9
Life,May 9
News,May 8
Entertainment,May 8
News,May 8
Entertainment,April 23
Entertainment,April 16
News,April 14
Opinion,March 22
News,March 14
Business,March 9
Business,March 9
News,March 1
News,Feb. 21
News,Feb. 15
News,Feb. 15
Entertainment,Feb. 8
News,Feb. 1
News,Feb. 1
News,Jan. 29
Opinion,Jan. 26
